trial_number,value,num_factors,confidence_scaling,alpha,epsilon,reg
0,0.03610221309559367,1600,linear,13.064720626567858,39.356842403597724,1.6499125023190597e-09
