trial_number,value,reg
11,0.028085531679771653,0.09773953938778009
