trial_number,value,reg
0,0.02792153784300286,7.315928450977662e-06
