trial_number,value,alpha
3,0.058356612700908576,0.5120170153040324
